{
  "bpm": 2.0,
  "colors": ["#7A8488", "#6D7376", "#859399", "#92928C", "#99A1A2"],
  "datetime": "2024-12-09T04:13:36.034010699",
  "dbs": 29.0,
  "humidity": 46.54,
  "illuminance": 0.00090,
  "temperature": 19.5
}